-- MySQL dump 10.17  Distrib 10.3.18-MariaDB, for debian-linux-gnu (x86_64)
--
-- Host: localhost    Database: justin
-- ------------------------------------------------------
-- Server version	10.3.18-MariaDB-1:10.3.18+maria~stretch

/*!40101 SET @OLD_CHARACTER_SET_CLIENT=@@CHARACTER_SET_CLIENT */;
/*!40101 SET @OLD_CHARACTER_SET_RESULTS=@@CHARACTER_SET_RESULTS */;
/*!40101 SET @OLD_COLLATION_CONNECTION=@@COLLATION_CONNECTION */;
/*!40101 SET NAMES utf8mb4 */;
/*!40103 SET @OLD_TIME_ZONE=@@TIME_ZONE */;
/*!40103 SET TIME_ZONE='+00:00' */;
/*!40014 SET @OLD_UNIQUE_CHECKS=@@UNIQUE_CHECKS, UNIQUE_CHECKS=0 */;
/*!40014 SET @OLD_FOREIGN_KEY_CHECKS=@@FOREIGN_KEY_CHECKS, FOREIGN_KEY_CHECKS=0 */;
/*!40101 SET @OLD_SQL_MODE=@@SQL_MODE, SQL_MODE='NO_AUTO_VALUE_ON_ZERO' */;
/*!40111 SET @OLD_SQL_NOTES=@@SQL_NOTES, SQL_NOTES=0 */;

--
-- Current Database: `justin`
--

CREATE DATABASE /*!32312 IF NOT EXISTS*/ `justin` /*!40100 DEFAULT CHARACTER SET utf8mb4 */;

USE `justin`;

--
-- Table structure for table `artist`
--

DROP TABLE IF EXISTS `artist`;
/*!40101 SET @saved_cs_client     = @@character_set_client */;
/*!40101 SET character_set_client = utf8 */;
CREATE TABLE `artist` (
  `id` int(11) NOT NULL AUTO_INCREMENT,
  `spotify_id` varchar(50) COLLATE utf8_unicode_ci DEFAULT NULL,
  `name` varchar(255) COLLATE utf8_unicode_ci DEFAULT NULL,
  `followers` int(11) NOT NULL,
  `external_url` varchar(255) COLLATE utf8_unicode_ci NOT NULL,
  `popularity` int(11) NOT NULL,
  PRIMARY KEY (`id`)
) ENGINE=InnoDB AUTO_INCREMENT=56 DEFAULT CHARSET=utf8 COLLATE=utf8_unicode_ci;
/*!40101 SET character_set_client = @saved_cs_client */;

--
-- Dumping data for table `artist`
--

LOCK TABLES `artist` WRITE;
/*!40000 ALTER TABLE `artist` DISABLE KEYS */;
INSERT INTO `artist` VALUES (1,'3e7awlrlDSwF3iM0WBjGMp','Little Mix',10082204,'https://open.spotify.com/artist/3e7awlrlDSwF3iM0WBjGMp',83),(2,'4AK6F7OLvEQ5QYCBNiQWHq','One Direction',25079650,'https://open.spotify.com/artist/4AK6F7OLvEQ5QYCBNiQWHq',88),(3,'25uiPmTg16RbhZWAqwLBy5','Charli XCX',2562480,'https://open.spotify.com/artist/25uiPmTg16RbhZWAqwLBy5',81),(4,'7gOdHgIoIKoe4i9Tta6qdD','Jonas Brothers',6037546,'https://open.spotify.com/artist/7gOdHgIoIKoe4i9Tta6qdD',80),(5,'26VFTg2z8YR0cCuwLzESi2','Halsey',17195547,'https://open.spotify.com/artist/26VFTg2z8YR0cCuwLzESi2',87),(6,'5cj0lLjcoR7YOSnhnX0Po5','Doja Cat',16277161,'https://open.spotify.com/artist/5cj0lLjcoR7YOSnhnX0Po5',94),(7,'66CXWjxzNUsdJxJ2JdwvnR','Ariana Grande',76768746,'https://open.spotify.com/artist/66CXWjxzNUsdJxJ2JdwvnR',93),(8,'6euPnGzBlDysAC5ecVguNZ','M. Pokora',608584,'https://open.spotify.com/artist/6euPnGzBlDysAC5ecVguNZ',58),(9,'1KCSPY1glIKqW2TotWuXOR','P!nk',12739252,'https://open.spotify.com/artist/1KCSPY1glIKqW2TotWuXOR',84),(10,'0p4nmQO2msCgU4IF37Wi3j','Avril Lavigne',8472254,'https://open.spotify.com/artist/0p4nmQO2msCgU4IF37Wi3j',82),(11,'1HY2Jd0NmPuamShAr6KMms','Lady Gaga',21305273,'https://open.spotify.com/artist/1HY2Jd0NmPuamShAr6KMms',87),(12,'7n2wHs1TKAczGzO7Dd2rGr','Shawn Mendes',36756160,'https://open.spotify.com/artist/7n2wHs1TKAczGzO7Dd2rGr',88),(13,'5pKCCKE2ajJHZ9KAiaK11H','Rihanna',47462078,'https://open.spotify.com/artist/5pKCCKE2ajJHZ9KAiaK11H',92),(14,'6jJ0s89eD6GaHleKKya26X','Katy Perry',20790028,'https://open.spotify.com/artist/6jJ0s89eD6GaHleKKya26X',88),(15,'6LqNN22kT3074XbTVUrhzX','Kesha',7040578,'https://open.spotify.com/artist/6LqNN22kT3074XbTVUrhzX',82),(16,'3WGpXCj9YhhfX11TToZcXP','Troye Sivan',6490596,'https://open.spotify.com/artist/3WGpXCj9YhhfX11TToZcXP',81),(17,'0hCNtLu0JehylgoiP8L4Gh','Nicki Minaj',24313342,'https://open.spotify.com/artist/0hCNtLu0JehylgoiP8L4Gh',90),(18,'6S2OmqARrzebs0tKUEyXyp','Demi Lovato',21767298,'https://open.spotify.com/artist/6S2OmqARrzebs0tKUEyXyp',84),(19,'7EQ0qTo7fWT7DPxmxtSYEc','Bastille',4972606,'https://open.spotify.com/artist/7EQ0qTo7fWT7DPxmxtSYEc',80),(20,'6M2wZ9GZgrQXHCFfjv46we','Dua Lipa',32529349,'https://open.spotify.com/artist/6M2wZ9GZgrQXHCFfjv46we',93),(21,'1McMsnEElThX1knmY4oliG','Olivia Rodrigo',14443464,'https://open.spotify.com/artist/1McMsnEElThX1knmY4oliG',90),(22,'04gDigrS5kc9YWfZHwBETP','Maroon 5',35450054,'https://open.spotify.com/artist/04gDigrS5kc9YWfZHwBETP',89),(23,'1Xyo4u8uXC1ZmMpatF05PJ','The Weeknd',42403926,'https://open.spotify.com/artist/1Xyo4u8uXC1ZmMpatF05PJ',98),(24,'5CCwRZC6euC8Odo6y9X8jr','Rita Ora',7275455,'https://open.spotify.com/artist/5CCwRZC6euC8Odo6y9X8jr',79),(25,'5Rl15oVamLq7FbSb0NNBNy','5 Seconds of Summer',8326517,'https://open.spotify.com/artist/5Rl15oVamLq7FbSb0NNBNy',83),(26,'69GGBxA162lTqCwzJG5jLp','The Chainsmokers',18850642,'https://open.spotify.com/artist/69GGBxA162lTqCwzJG5jLp',85),(27,'4pVaQcaBqbvk0ucB4r65e3','Mark Mancina',11050,'https://open.spotify.com/artist/4pVaQcaBqbvk0ucB4r65e3',59),(28,'4Rxn7Im3LGfyRkY2FlHhWi','Nick Jonas',7951978,'https://open.spotify.com/artist/4Rxn7Im3LGfyRkY2FlHhWi',70),(29,'4m4SfDVbF5wxrwEjDKgi4k','Cher Lloyd',2494745,'https://open.spotify.com/artist/4m4SfDVbF5wxrwEjDKgi4k',67),(30,'6eUKZXaKkcviH0Ku9w2n3V','Ed Sheeran',93517253,'https://open.spotify.com/artist/6eUKZXaKkcviH0Ku9w2n3V',95),(31,'0TnOYISbd1XYRBk9myaseg','Pitbull',9131008,'https://open.spotify.com/artist/0TnOYISbd1XYRBk9myaseg',86),(32,'6cK3NBO6uP7hh0oyuVELFl','Saweetie',1510904,'https://open.spotify.com/artist/6cK3NBO6uP7hh0oyuVELFl',81),(33,'7gAppWoH7pcYmphCVTXkzs','The Vamps',5030026,'https://open.spotify.com/artist/7gAppWoH7pcYmphCVTXkzs',75),(34,'0du5cEVh5yTK9QJze8zA0C','Bruno Mars',38535092,'https://open.spotify.com/artist/0du5cEVh5yTK9QJze8zA0C',92),(35,'6qqNVTkY8uBg9cP3Jd7DAH','Billie Eilish',58183152,'https://open.spotify.com/artist/6qqNVTkY8uBg9cP3Jd7DAH',92),(36,'5ZsFI1h6hIdQRw2ti0hz81','ZAYN',19130451,'https://open.spotify.com/artist/5ZsFI1h6hIdQRw2ti0hz81',81),(37,'6AsX53NZ0rVrVnlKLy1KvR','Arcadian',290188,'https://open.spotify.com/artist/6AsX53NZ0rVrVnlKLy1KvR',47),(38,'163tK9Wjr9P9DmM0AVK7lm','Lorde',9104784,'https://open.spotify.com/artist/163tK9Wjr9P9DmM0AVK7lm',81),(39,'4gzpq5DPGxSnKTe4SA8HAU','Coldplay',34419018,'https://open.spotify.com/artist/4gzpq5DPGxSnKTe4SA8HAU',91),(40,'7nU4hB040gTmHm45YYMvqc','Hannah Montana',3877120,'https://open.spotify.com/artist/7nU4hB040gTmHm45YYMvqc',67),(41,'0RqtSIYZmd4fiBKVFqyIqD','Thirty Seconds To Mars',3180386,'https://open.spotify.com/artist/0RqtSIYZmd4fiBKVFqyIqD',71),(42,'6LuN9FCkKOj5PcnpouEgny','Khalid',14975953,'https://open.spotify.com/artist/6LuN9FCkKOj5PcnpouEgny',89),(43,'53XhwfbYqKCa1cC15pYq2q','Imagine Dragons',38637623,'https://open.spotify.com/artist/53XhwfbYqKCa1cC15pYq2q',92),(44,'540vIaP2JwjQb9dm3aArA4','DJ Snake',7703138,'https://open.spotify.com/artist/540vIaP2JwjQb9dm3aArA4',82),(45,'0C8ZW7ezQVs4URX5aX7Kqx','Selena Gomez',33395952,'https://open.spotify.com/artist/0C8ZW7ezQVs4URX5aX7Kqx',86),(46,'5yG7ZAZafVaAlMTeBybKAL','Iggy Azalea',5902684,'https://open.spotify.com/artist/5yG7ZAZafVaAlMTeBybKAL',75),(47,'07YZf4WDAMNwqr4jfgOZ8y','Jason Derulo',10840111,'https://open.spotify.com/artist/07YZf4WDAMNwqr4jfgOZ8y',85),(48,'181bsRPaVXVlUKXrxwZfHK','Megan Thee Stallion',6058423,'https://open.spotify.com/artist/181bsRPaVXVlUKXrxwZfHK',86),(49,'1zNqDE7qDGCsyzJwohVaoX','Anne-Marie',9230737,'https://open.spotify.com/artist/1zNqDE7qDGCsyzJwohVaoX',82),(50,'0kkxsdcaWmWU2yWAqclDh4','Rixton',706970,'https://open.spotify.com/artist/0kkxsdcaWmWU2yWAqclDh4',65),(51,'7bXgB6jMjp9ATFy66eO08Z','Chris Brown',15474711,'https://open.spotify.com/artist/7bXgB6jMjp9ATFy66eO08Z',90),(52,'7jVv8c5Fj3E9VhNjxT4snq','Lil Nas X',9754598,'https://open.spotify.com/artist/7jVv8c5Fj3E9VhNjxT4snq',90),(53,'74XFHRwlV6OrjEM0A2NCMF','Paramore',6740694,'https://open.spotify.com/artist/74XFHRwlV6OrjEM0A2NCMF',80),(54,'1Cs0zKBU1kc0i8ypK3B9ai','David Guetta',23922619,'https://open.spotify.com/artist/1Cs0zKBU1kc0i8ypK3B9ai',90),(55,'3QVolfxko2UyCOtexhVTli','Angèle',2194055,'https://open.spotify.com/artist/3QVolfxko2UyCOtexhVTli',76);
/*!40000 ALTER TABLE `artist` ENABLE KEYS */;
UNLOCK TABLES;

--
-- Table structure for table `artist_genre`
--

DROP TABLE IF EXISTS `artist_genre`;
/*!40101 SET @saved_cs_client     = @@character_set_client */;
/*!40101 SET character_set_client = utf8 */;
CREATE TABLE `artist_genre` (
  `artist_id` int(11) NOT NULL,
  `genre_id` int(11) NOT NULL,
  PRIMARY KEY (`artist_id`,`genre_id`),
  KEY `IDX_E35C03ABB7970CF8` (`artist_id`),
  KEY `IDX_E35C03AB4296D31F` (`genre_id`),
  CONSTRAINT `FK_E35C03AB4296D31F` FOREIGN KEY (`genre_id`) REFERENCES `genre` (`id`) ON DELETE CASCADE,
  CONSTRAINT `FK_E35C03ABB7970CF8` FOREIGN KEY (`artist_id`) REFERENCES `artist` (`id`) ON DELETE CASCADE
) ENGINE=InnoDB DEFAULT CHARSET=utf8 COLLATE=utf8_unicode_ci;
/*!40101 SET character_set_client = @saved_cs_client */;

--
-- Dumping data for table `artist_genre`
--

LOCK TABLES `artist_genre` WRITE;
/*!40000 ALTER TABLE `artist_genre` DISABLE KEYS */;
INSERT INTO `artist_genre` VALUES (1,1),(1,2),(1,3),(1,4),(1,5),(1,6),(2,3),(2,4),(2,5),(2,7),(3,1),(3,3),(3,4),(3,6),(3,8),(3,11),(3,12),(3,13),(4,1),(4,3),(4,4),(4,7),(5,1),(5,3),(5,8),(5,9),(5,10),(6,1),(6,3),(7,1),(7,3),(8,15),(8,16),(8,17),(9,1),(9,3),(9,4),(10,1),(10,3),(10,4),(10,12),(10,14),(11,1),(11,3),(11,11),(12,1),(12,3),(12,14),(12,18),(13,1),(13,3),(13,19),(13,20),(13,21),(14,1),(14,3),(14,4),(15,1),(15,3),(15,4),(15,8),(16,1),(16,3),(16,8),(16,18),(16,22),(17,1),(17,3),(17,20),(17,23),(17,24),(18,1),(18,3),(18,4),(19,3),(19,13),(19,25),(19,26),(20,1),(20,3),(20,6),(21,3),(22,3),(22,26),(23,3),(23,14),(23,27),(24,1),(24,3),(24,4),(24,6),(24,8),(24,20),(24,22),(24,28),(24,29),(25,1),(25,3),(25,4),(25,7),(25,8),(26,1),(26,3),(26,8),(26,28),(26,29),(26,30),(27,31),(27,32),(28,1),(28,3),(28,4),(29,1),(29,3),(29,4),(29,5),(29,8),(29,18),(29,33),(30,3),(30,6),(31,1),(31,3),(31,20),(31,34),(31,35),(32,1),(32,3),(32,20),(32,36),(32,37),(32,45),(33,1),(33,3),(33,4),(33,7),(34,1),(34,3),(35,3),(35,8),(35,11),(36,1),(36,3),(36,4),(36,6),(36,8),(37,15),(37,16),(37,17),(38,3),(38,8),(38,11),(38,13),(38,38),(39,3),(39,39),(40,1),(40,3),(40,4),(41,25),(41,40),(41,41),(42,3),(42,43),(43,25),(43,41),(44,1),(44,3),(44,20),(44,28),(44,30),(44,42),(45,1),(45,3),(45,4),(46,1),(46,3),(46,4),(46,20),(46,23),(46,44),(47,1),(47,3),(47,4),(47,20),(48,1),(48,3),(48,37),(48,47),(49,1),(49,3),(49,4),(49,6),(49,29),(49,30),(51,1),(51,3),(51,20),(51,45),(51,46),(52,3),(52,48),(53,12),(53,49),(53,50),(53,51),(54,1),(54,3),(54,20),(54,28),(54,30),(54,52),(55,17),(55,53);
/*!40000 ALTER TABLE `artist_genre` ENABLE KEYS */;
UNLOCK TABLES;

--
-- Table structure for table `genre`
--

DROP TABLE IF EXISTS `genre`;
/*!40101 SET @saved_cs_client     = @@character_set_client */;
/*!40101 SET character_set_client = utf8 */;
CREATE TABLE `genre` (
  `id` int(11) NOT NULL AUTO_INCREMENT,
  `name` varchar(50) COLLATE utf8_unicode_ci DEFAULT NULL,
  PRIMARY KEY (`id`)
) ENGINE=InnoDB AUTO_INCREMENT=54 DEFAULT CHARSET=utf8 COLLATE=utf8_unicode_ci;
/*!40101 SET character_set_client = @saved_cs_client */;

--
-- Dumping data for table `genre`
--

LOCK TABLES `genre` WRITE;
/*!40000 ALTER TABLE `genre` DISABLE KEYS */;
INSERT INTO `genre` VALUES (1,'dance pop'),(2,'girl group'),(3,'pop'),(4,'post-teen pop'),(5,'talent show'),(6,'uk pop'),(7,'boy band'),(8,'electropop'),(9,'etherpop'),(10,'indie poptimism'),(11,'art pop'),(12,'candy pop'),(13,'metropopolis'),(14,'canadian pop'),(15,'francoton'),(16,'french pop'),(17,'variete francaise'),(18,'viral pop'),(19,'barbadian pop'),(20,'pop rap'),(21,'urban contemporary'),(22,'australian pop'),(23,'hip pop'),(24,'queens hip hop'),(25,'modern rock'),(26,'pop rock'),(27,'canadian contemporary r&b'),(28,'edm'),(29,'tropical house'),(30,'pop dance'),(31,'hollywood'),(32,'soundtrack'),(33,'social media pop'),(34,'latin'),(35,'miami hip hop'),(36,'cali rap'),(37,'trap queen'),(38,'nz pop'),(39,'permanent wave'),(40,'post-grunge'),(41,'rock'),(42,'electronic trap'),(43,'pop r&b'),(44,'australian hip hop'),(45,'r&b'),(46,'rap'),(47,'houston rap'),(48,'lgbtq+ hip hop'),(49,'pixie'),(50,'pop emo'),(51,'pop punk'),(52,'big room'),(53,'belgian pop');
/*!40000 ALTER TABLE `genre` ENABLE KEYS */;
UNLOCK TABLES;

--
-- Table structure for table `top_date`
--

DROP TABLE IF EXISTS `top_date`;
/*!40101 SET @saved_cs_client     = @@character_set_client */;
/*!40101 SET character_set_client = utf8 */;
CREATE TABLE `top_date` (
  `id` int(11) NOT NULL AUTO_INCREMENT,
  `user_id` int(11) DEFAULT NULL,
  `dt` datetime DEFAULT NULL,
  `artist_id` int(11) DEFAULT NULL,
  `classement` int(11) NOT NULL,
  PRIMARY KEY (`id`),
  KEY `IDX_A7DC1B2A76ED395` (`user_id`),
  KEY `IDX_A7DC1B2B7970CF8` (`artist_id`),
  CONSTRAINT `FK_A7DC1B2A76ED395` FOREIGN KEY (`user_id`) REFERENCES `user` (`id`),
  CONSTRAINT `FK_A7DC1B2B7970CF8` FOREIGN KEY (`artist_id`) REFERENCES `artist` (`id`)
) ENGINE=InnoDB AUTO_INCREMENT=409 DEFAULT CHARSET=utf8 COLLATE=utf8_unicode_ci;
/*!40101 SET character_set_client = @saved_cs_client */;

--
-- Dumping data for table `top_date`
--

LOCK TABLES `top_date` WRITE;
/*!40000 ALTER TABLE `top_date` DISABLE KEYS */;
INSERT INTO `top_date` VALUES (1,1,'2022-03-07 00:00:00',3,1),(5,1,'2022-03-07 00:00:00',2,2),(6,1,'2022-03-07 00:00:00',5,3),(7,1,'2022-03-07 00:00:00',4,4),(8,1,'2022-03-07 00:00:00',7,5),(9,1,'2022-03-07 00:00:00',3,1),(10,1,'2022-03-07 00:00:00',2,2),(11,1,'2022-03-07 00:00:00',5,3),(12,1,'2022-03-07 00:00:00',4,4),(13,1,'2022-03-07 00:00:00',7,5),(14,1,'2022-03-07 00:00:00',52,6),(15,1,'2022-03-07 00:00:00',10,7),(16,1,'2022-03-07 00:00:00',8,8),(17,1,'2022-03-07 00:00:00',6,9),(18,1,'2022-03-07 00:00:00',11,10),(19,1,'2022-03-07 00:00:00',9,11),(20,1,'2022-03-07 00:00:00',23,12),(21,1,'2022-03-07 00:00:00',12,13),(22,1,'2022-03-07 00:00:00',21,14),(23,1,'2022-03-07 00:00:00',15,15),(24,1,'2022-03-07 00:00:00',19,16),(25,1,'2022-03-07 00:00:00',20,17),(26,1,'2022-03-07 00:00:00',14,18),(27,1,'2022-03-07 00:00:00',13,19),(28,1,'2022-03-07 00:00:00',17,20),(29,1,'2022-03-07 00:00:00',18,21),(30,1,'2022-03-07 00:00:00',22,22),(31,1,'2022-03-07 00:00:00',16,23),(32,1,'2022-03-07 00:00:00',26,24),(33,1,'2022-03-07 00:00:00',27,25),(34,1,'2022-03-07 00:00:00',25,26),(35,1,'2022-03-07 00:00:00',28,27),(36,1,'2022-03-07 00:00:00',30,28),(37,1,'2022-03-07 00:00:00',32,29),(38,1,'2022-03-07 00:00:00',29,30),(39,1,'2022-03-07 00:00:00',31,31),(40,1,'2022-03-07 00:00:00',53,32),(41,1,'2022-03-07 00:00:00',38,33),(42,1,'2022-03-07 00:00:00',39,34),(43,1,'2022-03-07 00:00:00',34,35),(44,1,'2022-03-07 00:00:00',35,36),(45,1,'2022-03-07 00:00:00',44,37),(46,1,'2022-03-07 00:00:00',24,38),(47,1,'2022-03-07 00:00:00',41,39),(48,1,'2022-03-07 00:00:00',33,40),(49,1,'2022-03-07 00:00:00',46,41),(50,1,'2022-03-07 00:00:00',37,42),(51,1,'2022-03-07 00:00:00',43,43),(52,1,'2022-03-07 00:00:00',42,44),(53,1,'2022-03-07 00:00:00',40,45),(54,1,'2022-03-07 00:00:00',49,46),(55,1,'2022-03-07 00:00:00',54,47),(56,1,'2022-03-07 00:00:00',36,48),(57,1,'2022-03-07 00:00:00',55,49),(58,1,'2022-03-07 00:00:00',47,50),(59,1,'2022-03-08 00:00:00',3,1),(60,1,'2022-03-08 00:00:00',2,2),(61,1,'2022-03-08 00:00:00',5,3),(62,1,'2022-03-08 00:00:00',4,4),(63,1,'2022-03-08 00:00:00',7,5),(64,1,'2022-03-08 00:00:00',52,6),(65,1,'2022-03-08 00:00:00',10,7),(66,1,'2022-03-08 00:00:00',8,8),(67,1,'2022-03-08 00:00:00',6,9),(68,1,'2022-03-08 00:00:00',11,10),(69,1,'2022-03-08 00:00:00',9,11),(70,1,'2022-03-08 00:00:00',23,12),(71,1,'2022-03-08 00:00:00',12,13),(72,1,'2022-03-08 00:00:00',21,14),(73,1,'2022-03-08 00:00:00',15,15),(74,1,'2022-03-08 00:00:00',19,16),(75,1,'2022-03-08 00:00:00',20,17),(76,1,'2022-03-08 00:00:00',14,18),(77,1,'2022-03-08 00:00:00',13,19),(78,1,'2022-03-08 00:00:00',17,20),(79,1,'2022-03-08 00:00:00',18,21),(80,1,'2022-03-08 00:00:00',22,22),(81,1,'2022-03-08 00:00:00',16,23),(82,1,'2022-03-08 00:00:00',26,24),(83,1,'2022-03-08 00:00:00',27,25),(84,1,'2022-03-08 00:00:00',25,26),(85,1,'2022-03-08 00:00:00',28,27),(86,1,'2022-03-08 00:00:00',30,28),(87,1,'2022-03-08 00:00:00',32,29),(88,1,'2022-03-08 00:00:00',29,30),(89,1,'2022-03-08 00:00:00',31,31),(90,1,'2022-03-08 00:00:00',53,32),(91,1,'2022-03-08 00:00:00',38,33),(92,1,'2022-03-08 00:00:00',39,34),(93,1,'2022-03-08 00:00:00',34,35),(94,1,'2022-03-08 00:00:00',35,36),(95,1,'2022-03-08 00:00:00',44,37),(96,1,'2022-03-08 00:00:00',24,38),(97,1,'2022-03-08 00:00:00',41,39),(98,1,'2022-03-08 00:00:00',33,40),(99,1,'2022-03-08 00:00:00',46,41),(100,1,'2022-03-08 00:00:00',37,42),(101,1,'2022-03-08 00:00:00',43,43),(102,1,'2022-03-08 00:00:00',42,44),(103,1,'2022-03-08 00:00:00',40,45),(104,1,'2022-03-08 00:00:00',49,46),(105,1,'2022-03-08 00:00:00',54,47),(106,1,'2022-03-08 00:00:00',36,48),(107,1,'2022-03-08 00:00:00',55,49),(108,1,'2022-03-08 00:00:00',47,50),(109,1,'2022-03-08 00:00:00',3,1),(110,1,'2022-03-08 00:00:00',2,2),(111,1,'2022-03-08 00:00:00',5,3),(112,1,'2022-03-08 00:00:00',4,4),(113,1,'2022-03-08 00:00:00',7,5),(114,1,'2022-03-08 00:00:00',52,6),(115,1,'2022-03-08 00:00:00',10,7),(116,1,'2022-03-08 00:00:00',8,8),(117,1,'2022-03-08 00:00:00',6,9),(118,1,'2022-03-08 00:00:00',11,10),(119,1,'2022-03-08 00:00:00',9,11),(120,1,'2022-03-08 00:00:00',23,12),(121,1,'2022-03-08 00:00:00',12,13),(122,1,'2022-03-08 00:00:00',21,14),(123,1,'2022-03-08 00:00:00',15,15),(124,1,'2022-03-08 00:00:00',19,16),(125,1,'2022-03-08 00:00:00',20,17),(126,1,'2022-03-08 00:00:00',14,18),(127,1,'2022-03-08 00:00:00',13,19),(128,1,'2022-03-08 00:00:00',17,20),(129,1,'2022-03-08 00:00:00',18,21),(130,1,'2022-03-08 00:00:00',22,22),(131,1,'2022-03-08 00:00:00',16,23),(132,1,'2022-03-08 00:00:00',26,24),(133,1,'2022-03-08 00:00:00',27,25),(134,1,'2022-03-08 00:00:00',25,26),(135,1,'2022-03-08 00:00:00',28,27),(136,1,'2022-03-08 00:00:00',30,28),(137,1,'2022-03-08 00:00:00',32,29),(138,1,'2022-03-08 00:00:00',29,30),(139,1,'2022-03-08 00:00:00',31,31),(140,1,'2022-03-08 00:00:00',53,32),(141,1,'2022-03-08 00:00:00',38,33),(142,1,'2022-03-08 00:00:00',39,34),(143,1,'2022-03-08 00:00:00',34,35),(144,1,'2022-03-08 00:00:00',35,36),(145,1,'2022-03-08 00:00:00',44,37),(146,1,'2022-03-08 00:00:00',24,38),(147,1,'2022-03-08 00:00:00',41,39),(148,1,'2022-03-08 00:00:00',33,40),(149,1,'2022-03-08 00:00:00',46,41),(150,1,'2022-03-08 00:00:00',37,42),(151,1,'2022-03-08 00:00:00',43,43),(152,1,'2022-03-08 00:00:00',42,44),(153,1,'2022-03-08 00:00:00',40,45),(154,1,'2022-03-08 00:00:00',49,46),(155,1,'2022-03-08 00:00:00',54,47),(156,1,'2022-03-08 00:00:00',36,48),(157,1,'2022-03-08 00:00:00',55,49),(158,1,'2022-03-08 00:00:00',47,50),(159,1,'2022-03-08 00:00:00',3,1),(160,1,'2022-03-08 00:00:00',2,2),(161,1,'2022-03-08 00:00:00',5,3),(162,1,'2022-03-08 00:00:00',52,4),(163,1,'2022-03-08 00:00:00',4,5),(164,1,'2022-03-08 00:00:00',7,6),(165,1,'2022-03-08 00:00:00',10,7),(166,1,'2022-03-08 00:00:00',8,8),(167,1,'2022-03-08 00:00:00',6,9),(168,1,'2022-03-08 00:00:00',11,10),(169,1,'2022-03-08 00:00:00',9,11),(170,1,'2022-03-08 00:00:00',23,12),(171,1,'2022-03-08 00:00:00',12,13),(172,1,'2022-03-08 00:00:00',21,14),(173,1,'2022-03-08 00:00:00',15,15),(174,1,'2022-03-08 00:00:00',19,16),(175,1,'2022-03-08 00:00:00',20,17),(176,1,'2022-03-08 00:00:00',14,18),(177,1,'2022-03-08 00:00:00',13,19),(178,1,'2022-03-08 00:00:00',17,20),(179,1,'2022-03-08 00:00:00',18,21),(180,1,'2022-03-08 00:00:00',22,22),(181,1,'2022-03-08 00:00:00',16,23),(182,1,'2022-03-08 00:00:00',26,24),(183,1,'2022-03-08 00:00:00',27,25),(184,1,'2022-03-08 00:00:00',25,26),(185,1,'2022-03-08 00:00:00',28,27),(186,1,'2022-03-08 00:00:00',30,28),(187,1,'2022-03-08 00:00:00',32,29),(188,1,'2022-03-08 00:00:00',29,30),(189,1,'2022-03-08 00:00:00',31,31),(190,1,'2022-03-08 00:00:00',53,32),(191,1,'2022-03-08 00:00:00',38,33),(192,1,'2022-03-08 00:00:00',39,34),(193,1,'2022-03-08 00:00:00',34,35),(194,1,'2022-03-08 00:00:00',35,36),(195,1,'2022-03-08 00:00:00',44,37),(196,1,'2022-03-08 00:00:00',24,38),(197,1,'2022-03-08 00:00:00',41,39),(198,1,'2022-03-08 00:00:00',33,40),(199,1,'2022-03-08 00:00:00',46,41),(200,1,'2022-03-08 00:00:00',37,42),(201,1,'2022-03-08 00:00:00',43,43),(202,1,'2022-03-08 00:00:00',42,44),(203,1,'2022-03-08 00:00:00',40,45),(204,1,'2022-03-08 00:00:00',49,46),(205,1,'2022-03-08 00:00:00',54,47),(206,1,'2022-03-08 00:00:00',36,48),(207,1,'2022-03-08 00:00:00',55,49),(208,1,'2022-03-08 00:00:00',47,50),(209,1,'2022-03-08 00:00:00',3,1),(210,1,'2022-03-08 00:00:00',2,2),(211,1,'2022-03-08 00:00:00',5,3),(212,1,'2022-03-08 00:00:00',52,4),(213,1,'2022-03-08 00:00:00',4,5),(214,1,'2022-03-08 00:00:00',7,6),(215,1,'2022-03-08 00:00:00',10,7),(216,1,'2022-03-08 00:00:00',8,8),(217,1,'2022-03-08 00:00:00',6,9),(218,1,'2022-03-08 00:00:00',11,10),(219,1,'2022-03-08 00:00:00',9,11),(220,1,'2022-03-08 00:00:00',23,12),(221,1,'2022-03-08 00:00:00',12,13),(222,1,'2022-03-08 00:00:00',21,14),(223,1,'2022-03-08 00:00:00',15,15),(224,1,'2022-03-08 00:00:00',19,16),(225,1,'2022-03-08 00:00:00',20,17),(226,1,'2022-03-08 00:00:00',14,18),(227,1,'2022-03-08 00:00:00',13,19),(228,1,'2022-03-08 00:00:00',17,20),(229,1,'2022-03-08 00:00:00',18,21),(230,1,'2022-03-08 00:00:00',22,22),(231,1,'2022-03-08 00:00:00',16,23),(232,1,'2022-03-08 00:00:00',26,24),(233,1,'2022-03-08 00:00:00',27,25),(234,1,'2022-03-08 00:00:00',25,26),(235,1,'2022-03-08 00:00:00',28,27),(236,1,'2022-03-08 00:00:00',30,28),(237,1,'2022-03-08 00:00:00',32,29),(238,1,'2022-03-08 00:00:00',29,30),(239,1,'2022-03-08 00:00:00',31,31),(240,1,'2022-03-08 00:00:00',53,32),(241,1,'2022-03-08 00:00:00',38,33),(242,1,'2022-03-08 00:00:00',39,34),(243,1,'2022-03-08 00:00:00',34,35),(244,1,'2022-03-08 00:00:00',35,36),(245,1,'2022-03-08 00:00:00',44,37),(246,1,'2022-03-08 00:00:00',24,38),(247,1,'2022-03-08 00:00:00',41,39),(248,1,'2022-03-08 00:00:00',33,40),(249,1,'2022-03-08 00:00:00',46,41),(250,1,'2022-03-08 00:00:00',37,42),(251,1,'2022-03-08 00:00:00',43,43),(252,1,'2022-03-08 00:00:00',42,44),(253,1,'2022-03-08 00:00:00',40,45),(254,1,'2022-03-08 00:00:00',49,46),(255,1,'2022-03-08 00:00:00',54,47),(256,1,'2022-03-08 00:00:00',36,48),(257,1,'2022-03-08 00:00:00',55,49),(258,1,'2022-03-08 00:00:00',47,50),(259,1,'2022-03-08 00:00:00',3,1),(260,1,'2022-03-08 00:00:00',2,2),(261,1,'2022-03-08 00:00:00',5,3),(262,1,'2022-03-08 00:00:00',52,4),(263,1,'2022-03-08 00:00:00',4,5),(264,1,'2022-03-08 00:00:00',7,6),(265,1,'2022-03-08 00:00:00',10,7),(266,1,'2022-03-08 00:00:00',8,8),(267,1,'2022-03-08 00:00:00',6,9),(268,1,'2022-03-08 00:00:00',11,10),(269,1,'2022-03-08 00:00:00',9,11),(270,1,'2022-03-08 00:00:00',23,12),(271,1,'2022-03-08 00:00:00',12,13),(272,1,'2022-03-08 00:00:00',21,14),(273,1,'2022-03-08 00:00:00',15,15),(274,1,'2022-03-08 00:00:00',19,16),(275,1,'2022-03-08 00:00:00',20,17),(276,1,'2022-03-08 00:00:00',14,18),(277,1,'2022-03-08 00:00:00',13,19),(278,1,'2022-03-08 00:00:00',17,20),(279,1,'2022-03-08 00:00:00',18,21),(280,1,'2022-03-08 00:00:00',22,22),(281,1,'2022-03-08 00:00:00',16,23),(282,1,'2022-03-08 00:00:00',26,24),(283,1,'2022-03-08 00:00:00',27,25),(284,1,'2022-03-08 00:00:00',25,26),(285,1,'2022-03-08 00:00:00',28,27),(286,1,'2022-03-08 00:00:00',30,28),(287,1,'2022-03-08 00:00:00',32,29),(288,1,'2022-03-08 00:00:00',29,30),(289,1,'2022-03-08 00:00:00',31,31),(290,1,'2022-03-08 00:00:00',53,32),(291,1,'2022-03-08 00:00:00',38,33),(292,1,'2022-03-08 00:00:00',39,34),(293,1,'2022-03-08 00:00:00',34,35),(294,1,'2022-03-08 00:00:00',35,36),(295,1,'2022-03-08 00:00:00',44,37),(296,1,'2022-03-08 00:00:00',24,38),(297,1,'2022-03-08 00:00:00',41,39),(298,1,'2022-03-08 00:00:00',33,40),(299,1,'2022-03-08 00:00:00',46,41),(300,1,'2022-03-08 00:00:00',37,42),(301,1,'2022-03-08 00:00:00',43,43),(302,1,'2022-03-08 00:00:00',42,44),(303,1,'2022-03-08 00:00:00',40,45),(304,1,'2022-03-08 00:00:00',49,46),(305,1,'2022-03-08 00:00:00',54,47),(306,1,'2022-03-08 00:00:00',36,48),(307,1,'2022-03-08 00:00:00',55,49),(308,1,'2022-03-08 00:00:00',47,50),(309,1,'2022-03-15 00:00:00',3,1),(310,1,'2022-03-15 00:00:00',2,2),(311,1,'2022-03-15 00:00:00',5,3),(312,1,'2022-03-15 00:00:00',52,4),(313,1,'2022-03-15 00:00:00',4,5),(314,1,'2022-03-15 00:00:00',7,6),(315,1,'2022-03-15 00:00:00',10,7),(316,1,'2022-03-15 00:00:00',8,8),(317,1,'2022-03-15 00:00:00',6,9),(318,1,'2022-03-15 00:00:00',11,10),(319,1,'2022-03-15 00:00:00',9,11),(320,1,'2022-03-15 00:00:00',23,12),(321,1,'2022-03-15 00:00:00',12,13),(322,1,'2022-03-15 00:00:00',21,14),(323,1,'2022-03-15 00:00:00',15,15),(324,1,'2022-03-15 00:00:00',19,16),(325,1,'2022-03-15 00:00:00',20,17),(326,1,'2022-03-15 00:00:00',14,18),(327,1,'2022-03-15 00:00:00',13,19),(328,1,'2022-03-15 00:00:00',17,20),(329,1,'2022-03-15 00:00:00',18,21),(330,1,'2022-03-15 00:00:00',22,22),(331,1,'2022-03-15 00:00:00',16,23),(332,1,'2022-03-15 00:00:00',26,24),(333,1,'2022-03-15 00:00:00',27,25),(334,1,'2022-03-15 00:00:00',25,26),(335,1,'2022-03-15 00:00:00',28,27),(336,1,'2022-03-15 00:00:00',30,28),(337,1,'2022-03-15 00:00:00',32,29),(338,1,'2022-03-15 00:00:00',29,30),(339,1,'2022-03-15 00:00:00',31,31),(340,1,'2022-03-15 00:00:00',53,32),(341,1,'2022-03-15 00:00:00',38,33),(342,1,'2022-03-15 00:00:00',39,34),(343,1,'2022-03-15 00:00:00',34,35),(344,1,'2022-03-15 00:00:00',35,36),(345,1,'2022-03-15 00:00:00',44,37),(346,1,'2022-03-15 00:00:00',24,38),(347,1,'2022-03-15 00:00:00',41,39),(348,1,'2022-03-15 00:00:00',33,40),(349,1,'2022-03-15 00:00:00',46,41),(350,1,'2022-03-15 00:00:00',37,42),(351,1,'2022-03-15 00:00:00',43,43),(352,1,'2022-03-15 00:00:00',42,44),(353,1,'2022-03-15 00:00:00',40,45),(354,1,'2022-03-15 00:00:00',49,46),(355,1,'2022-03-15 00:00:00',54,47),(356,1,'2022-03-15 00:00:00',36,48),(357,1,'2022-03-15 00:00:00',55,49),(358,1,'2022-03-15 00:00:00',47,50),(359,1,'2022-03-21 00:00:00',3,1),(360,1,'2022-03-21 00:00:00',2,2),(361,1,'2022-03-21 00:00:00',5,3),(362,1,'2022-03-21 00:00:00',52,4),(363,1,'2022-03-21 00:00:00',4,5),(364,1,'2022-03-21 00:00:00',7,6),(365,1,'2022-03-21 00:00:00',10,7),(366,1,'2022-03-21 00:00:00',8,8),(367,1,'2022-03-21 00:00:00',6,9),(368,1,'2022-03-21 00:00:00',11,10),(369,1,'2022-03-21 00:00:00',9,11),(370,1,'2022-03-21 00:00:00',23,12),(371,1,'2022-03-21 00:00:00',12,13),(372,1,'2022-03-21 00:00:00',21,14),(373,1,'2022-03-21 00:00:00',15,15),(374,1,'2022-03-21 00:00:00',19,16),(375,1,'2022-03-21 00:00:00',20,17),(376,1,'2022-03-21 00:00:00',14,18),(377,1,'2022-03-21 00:00:00',13,19),(378,1,'2022-03-21 00:00:00',17,20),(379,1,'2022-03-21 00:00:00',18,21),(380,1,'2022-03-21 00:00:00',22,22),(381,1,'2022-03-21 00:00:00',16,23),(382,1,'2022-03-21 00:00:00',26,24),(383,1,'2022-03-21 00:00:00',27,25),(384,1,'2022-03-21 00:00:00',25,26),(385,1,'2022-03-21 00:00:00',28,27),(386,1,'2022-03-21 00:00:00',30,28),(387,1,'2022-03-21 00:00:00',32,29),(388,1,'2022-03-21 00:00:00',29,30),(389,1,'2022-03-21 00:00:00',31,31),(390,1,'2022-03-21 00:00:00',53,32),(391,1,'2022-03-21 00:00:00',38,33),(392,1,'2022-03-21 00:00:00',39,34),(393,1,'2022-03-21 00:00:00',34,35),(394,1,'2022-03-21 00:00:00',35,36),(395,1,'2022-03-21 00:00:00',44,37),(396,1,'2022-03-21 00:00:00',24,38),(397,1,'2022-03-21 00:00:00',41,39),(398,1,'2022-03-21 00:00:00',33,40),(399,1,'2022-03-21 00:00:00',46,41),(400,1,'2022-03-21 00:00:00',37,42),(401,1,'2022-03-21 00:00:00',43,43),(402,1,'2022-03-21 00:00:00',42,44),(403,1,'2022-03-21 00:00:00',40,45),(404,1,'2022-03-21 00:00:00',49,46),(405,1,'2022-03-21 00:00:00',54,47),(406,1,'2022-03-21 00:00:00',36,48),(407,1,'2022-03-21 00:00:00',55,49),(408,1,'2022-03-21 00:00:00',47,50);
/*!40000 ALTER TABLE `top_date` ENABLE KEYS */;
UNLOCK TABLES;

--
-- Table structure for table `user`
--

DROP TABLE IF EXISTS `user`;
/*!40101 SET @saved_cs_client     = @@character_set_client */;
/*!40101 SET character_set_client = utf8 */;
CREATE TABLE `user` (
  `id` int(11) NOT NULL AUTO_INCREMENT,
  `name` varchar(255) COLLATE utf8_unicode_ci NOT NULL,
  PRIMARY KEY (`id`)
) ENGINE=InnoDB AUTO_INCREMENT=2 DEFAULT CHARSET=utf8 COLLATE=utf8_unicode_ci;
/*!40101 SET character_set_client = @saved_cs_client */;

--
-- Dumping data for table `user`
--

LOCK TABLES `user` WRITE;
/*!40000 ALTER TABLE `user` DISABLE KEYS */;
INSERT INTO `user` VALUES (1,'Justin');
/*!40000 ALTER TABLE `user` ENABLE KEYS */;
UNLOCK TABLES;
/*!40103 SET TIME_ZONE=@OLD_TIME_ZONE */;

/*!40101 SET SQL_MODE=@OLD_SQL_MODE */;
/*!40014 SET FOREIGN_KEY_CHECKS=@OLD_FOREIGN_KEY_CHECKS */;
/*!40014 SET UNIQUE_CHECKS=@OLD_UNIQUE_CHECKS */;
/*!40101 SET CHARACTER_SET_CLIENT=@OLD_CHARACTER_SET_CLIENT */;
/*!40101 SET CHARACTER_SET_RESULTS=@OLD_CHARACTER_SET_RESULTS */;
/*!40101 SET COLLATION_CONNECTION=@OLD_COLLATION_CONNECTION */;
/*!40111 SET SQL_NOTES=@OLD_SQL_NOTES */;

-- Dump completed on 2022-03-21 16:53:22
